Page,Pageviews,Unique Pageviews,Avg. Time on Page,Entrances,Bounce Rate,% Exit,Page Value
/de/kb/thunderbird-und-junk-spam-nachrichten,"4,830,646","2,698,414",00:02:26,"2,676,853",25.45%,55.23%,$0.00
/ja/kb/thunderbird-and-junk-spam-messages,"3,308,015","2,070,443",00:03:01,"2,043,855",18.22%,61.53%,$0.00
/en-US/kb/thunderbird-and-junk-spam-messages,"2,752,229","1,633,245",00:02:46,"1,612,904",22.43%,58.39%,$0.00
/en-US/products/thunderbird,"1,373,603","842,664",00:00:59,"778,911",48.96%,42.64%,$0.00
/fr/kb/thunderbird-et-les-messages-indesirables-ou-spam,"1,296,360","796,066",00:03:22,"786,877",25.65%,60.56%,$0.00
/ja/products/thunderbird,"924,331","628,430",00:01:03,"597,356",61.54%,56.28%,$0.00
/nl/kb/thunderbird-en-ongewenste-spamberichten,"922,691","490,406",00:02:47,"484,108",17.70%,52.28%,$0.00
/de/products/thunderbird,"796,703","540,554",00:01:20,"504,376",46.38%,50.28%,$0.00
/it/kb/thunderbird-posta-indesiderata-spam,"651,489","465,378",00:02:57,"462,263",48.27%,70.63%,$0.00
/fr/products/thunderbird,"637,019","417,014",00:01:01,"395,015",54.45%,48.40%,$0.00
/ja/kb/filelink-large-attachments,"583,775","413,592",00:05:03,"396,258",10.81%,68.12%,$0.00
/es/products/thunderbird,"430,497","258,830",00:00:32,"250,547",75.59%,54.44%,$0.00
/de/kb/filelink-fuer-grosse-dateianhaenge,"369,148","285,357",00:05:18,"275,151",12.88%,74.60%,$0.00
/pl/kb/thunderbird-i-niechciane-wiadomoci,"367,197","295,889",00:03:53,"293,872",47.56%,79.81%,$0.00
/en-US/kb/filelink-large-attachments,"357,540","288,656",00:05:34,"277,551",10.44%,78.08%,$0.00
/it/products/thunderbird,"355,539","224,607",00:00:40,"214,205",70.96%,53.58%,$0.00
/pl/products/thunderbird,"305,733","197,615",00:00:40,"189,683",75.33%,57.42%,$0.00
/es/kb/thunderbird-y-el-correo-basura,"261,806","216,656",00:03:35,"215,363",48.90%,81.82%,$0.00
/ru/products/thunderbird,"231,164","156,109",00:00:43,"149,089",77.11%,59.77%,$0.00
/ja/kb/moving-thunderbird-data-to-a-new-computer,"202,158","175,592",00:06:48,"157,830",7.75%,79.29%,$0.00
/pt-BR/products/thunderbird,"201,644","113,126",00:00:28,"109,768",78.60%,52.13%,$0.00
/fr/kb/filelink-pour-les-pieces-jointes-volumineuses,"190,604","136,966",00:04:47,"133,105",16.10%,69.68%,$0.00
/ru/kb/thunderbird-i-nezhelatelnye-spam-soobsheniya,"185,316","156,913",00:03:24,"156,091",47.31%,83.82%,$0.00
/da/kb/thunderbirds-spamfilter,"167,414","82,064",00:02:16,"80,883",16.32%,48.04%,$0.00
/en-US/kb/compacting-folders,"150,376","134,506",00:03:00,"128,899",42.48%,86.74%,$0.00
/sv/kb/thunderbird-and-junk-spam-messages,"141,989","83,097",00:03:18,"82,138",13.28%,57.62%,$0.00
/de/kb/ordner-komprimieren,"137,156","124,826",00:03:52,"122,455",37.95%,89.09%,$0.00
/en-US/kb/moving-thunderbird-data-to-a-new-computer,"117,104","101,850",00:06:47,"74,693",4.74%,67.65%,$0.00
/en-US/kb/mozilla-crash-reporter-tb,"107,605","89,001",00:02:35,"83,110",34.04%,72.52%,$0.00
/de/kb/thunderbird-daten-auf-neuen-rechner-uebertragen,"104,483","92,035",00:06:47,"77,066",4.78%,74.98%,$0.00
/it/kb/filelink-allegati-grosse-dimensioni,"102,307","78,873",00:05:11,"77,522",23.01%,75.34%,$0.00
/cs/kb/thunderbird-nevyzadana-posta,"97,961","75,492",00:03:50,"75,146",40.55%,76.20%,$0.00
/nl/products/thunderbird,"96,615","66,387",00:01:20,"60,184",37.67%,43.90%,$0.00
/en-US/products/thunderbird/install-migrate-and-update,"95,920","73,686",00:01:11,"48,103",49.92%,39.51%,$0.00
/ja/kb/blocking-sender,"92,739","79,889",00:03:49,"58,103",6.10%,72.11%,$0.00
/en-US/kb/profiles-where-thunderbird-stores-user-data,"91,260","81,091",00:05:11,"48,193",5.78%,64.01%,$0.00
/en-US/products/thunderbird/emails-thunderbird,"91,225","71,326",00:01:07,"10,778",42.05%,22.73%,$0.00
/hu/kb/thunderbird-es-keretlen-uzenetek-levelszemet,"90,619","62,488",00:02:20,"61,751",39.37%,67.49%,$0.00
/pt-BR/kb/spam-e-mensagens-indesejadas-no-thunderbird,"86,530","70,401",00:03:30,"70,028",49.73%,80.62%,$0.00
/ja/kb/cannot-receive-messages,"86,518","71,352",00:05:05,"55,827",7.44%,68.08%,$0.00
/en-US/products/thunderbird/emails-thunderbird/set-up-email-thunderbird,"86,000","62,528",00:01:20,"51,054",40.80%,36.51%,$0.00
/de/products/thunderbird/emails-thunderbird,"83,571","66,251",00:01:04,"4,562",47.45%,24.33%,$0.00
/de/products/thunderbird/emails-thunderbird/set-up-email-thunderbird,"79,786","56,270",00:01:30,"47,976",41.71%,37.74%,$0.00
/en-US/kb/thunderbird-and-gmail,"79,342","67,351",00:04:36,"48,157",6.14%,62.70%,$0.00
/ru/kb/fajlovaya-ssylka-dlya-bolshih-vlozhenij,"76,825","66,341",00:05:29,"65,859",28.53%,85.36%,$0.00
/fi/kb/thunderbird-ja-roskaposti,"76,453","49,647",00:03:40,"48,988",20.07%,63.74%,$0.00
/en-US/questions/new/thunderbird,"74,472","61,571",00:01:35,"38,126",29.08%,29.49%,$0.00
/ja/kb/compacting-folders,"73,845","67,647",00:03:56,"64,671",41.66%,88.82%,$0.00
/ja/products/thunderbird/emails-thunderbird,"72,942","54,583",00:00:52,"3,979",46.84%,22.01%,$0.00
/es/kb/filelink-para-adjuntos-grandes,"70,924","60,783",00:04:41,"60,267",20.85%,82.76%,$0.00
/cs/products/thunderbird,"66,851","48,911",00:00:58,"46,564",71.11%,61.24%,$0.00
/fr/kb/compacter-les-dossiers,"64,468","59,264",00:04:01,"57,489",38.42%,89.48%,$0.00
/ja/products/thunderbird/emails-thunderbird/set-up-email-thunderbird,"64,129","42,445",00:01:34,"34,840",42.18%,36.07%,$0.00
/ja/kb/cannot-send-messages,"63,437","52,205",00:05:29,"42,819",6.33%,68.75%,$0.00
/ru/kb/szhatie-papok,"62,954","58,280",00:04:10,"57,854",43.39%,91.67%,$0.00
/nl/kb/filelink-grote-bijlagen,"62,757","44,463",00:04:46,"41,823",10.63%,66.92%,$0.00
/it/kb/compattazione-cartelle,"60,770","54,847",00:03:19,"53,811",50.41%,88.31%,$0.00
/de/kb/thunderbird-installieren-windows,"59,407","44,255",00:02:41,"37,444",12.32%,58.78%,$0.00
/de/kb/externe-inhalte-nachrichten,"59,072","41,272",00:04:05,"37,541",9.78%,63.56%,$0.00
/en-US/kb/avoid-and-report-mozilla-tech-support-scams,"58,418","46,808",00:00:56,"2,987",26.88%,30.70%,$0.00
/en-US/kb/blocking-sender,"56,927","49,049",00:04:54,"33,611",4.97%,75.38%,$0.00
/es/kb/bandeja-de-entrada-u-otras-carpetas-llenas,"56,437","51,017",00:03:18,"49,944",44.34%,88.31%,$0.00
/no/kb/thunderbird-and-junk-spam-messages,"55,999","35,439",00:02:51,"35,194",19.99%,62.58%,$0.00
/en-US/kb/remote-content-in-messages,"54,030","45,595",00:05:38,"41,615",8.44%,77.25%,$0.00
/ja/products/thunderbird/install-migrate-and-update,"52,099","38,124",00:00:57,"14,842",48.30%,28.49%,$0.00
/de/kb/einen-absender-blockieren,"51,949","42,839",00:04:21,"30,992",4.80%,73.16%,$0.00
/de/products/thunderbird/install-migrate-and-update,"50,765","40,042",00:01:12,"21,602",49.82%,35.68%,$0.00
/en-US/kb/thunderbird-add-ons-frequently-asked-questions,"50,417","43,710",00:04:25,"37,191",32.85%,76.03%,$0.00
/pl/kb/porzadkowanie-folderow,"49,028","45,108",00:03:46,"43,965",48.12%,89.60%,$0.00
/en-US/kb/thunderbird-export,"48,687","42,258",00:04:07,"28,613",5.57%,61.83%,$0.00
/de/questions/new/thunderbird,"47,777","40,088",00:01:35,"31,216",35.55%,40.04%,$0.00
/ja/kb/how-change-thunderbird-layout,"47,672","43,602",00:05:02,"39,132",12.33%,77.75%,$0.00
/fr/products/thunderbird/emails-thunderbird,"46,703","37,295",00:00:56,"2,105",43.66%,19.80%,$0.00
/pl/kb/funkcja-filelink,"46,238","39,346",00:05:37,"39,016",32.33%,84.27%,$0.00
/en-US/kb/manual-account-configuration,"46,012","40,283",00:04:21,"25,194",7.20%,62.37%,$0.00
/en-US/kb/installing-thunderbird-windows,"44,848","37,047",00:03:16,"28,016",12.90%,62.61%,$0.00
/ja/kb/installing-thunderbird-windows,"44,200","33,719",00:03:21,"26,151",15.03%,62.70%,$0.00
/ja/kb/what-winmaildat-attachment,"44,194","38,907",00:04:38,"37,875",11.80%,85.93%,$0.00
/hu/products/thunderbird,"42,627","27,546",00:00:45,"26,122",66.11%,54.38%,$0.00
/en-US/kb/signatures,"42,496","39,640",00:06:44,"29,472",5.31%,81.87%,$0.00
/en-US/kb/thunderbird-import,"39,944","34,466",00:04:08,"21,808",6.35%,60.68%,$0.00
/ja/kb/new-thunderbird-60?locale=ja&version=60.3.3&channel=release&os=WINNT&buildid=20181204174145,"38,530","35,835",00:05:07,"32,828",2.93%,85.36%,$0.00
/fr/kb/ajouter-signature-messages,"37,141","34,894",00:08:05,"25,562",4.44%,89.15%,$0.00
/en-US/kb/installing-thunderbird-linux,"36,943","28,362",00:04:48,"23,565",7.46%,67.40%,$0.00
/ja/kb/manual-account-configuration,"36,783","31,310",00:04:12,"20,079",9.44%,61.05%,$0.00
/ja/kb/ignore-threads,"36,697","31,908",00:05:10,"28,578",19.05%,78.70%,$0.00
/it/kb/trasferire-dati-thunderbird-nuovo-computer,"36,598","32,572",00:06:19,"28,086",4.76%,76.05%,$0.00
/sk/kb/thunderbird-and-junk-spam-messages,"36,460","27,401",00:05:55,"27,184",46.19%,73.75%,$0.00
/ja/kb/profiles-where-thunderbird-stores-user-data,"36,429","31,552",00:04:54,"20,091",9.42%,63.17%,$0.00
/de/kb/probleme-senden-und-empfangen-nachrichten,"36,125","30,745",00:03:47,"14,593",6.06%,58.26%,$0.00
/en-US/kb/automatic-account-configuration,"35,995","30,498",00:03:35,"14,035",7.84%,54.78%,$0.00
/de/kb/Benutzerprofile-Thunderbird,"35,615","30,720",00:05:02,"18,472",6.60%,63.49%,$0.00
/fr/products/thunderbird/install-migrate-and-update,"35,094","27,055",00:01:10,"13,211",47.60%,32.97%,$0.00
/de/kb/passworter-thunderbird-speichern-andern-loschen,"34,484","30,932",00:07:03,"21,445",3.24%,80.06%,$0.00
/de/kb/add-ons-faq,"34,241","27,449",00:04:32,"23,718",25.73%,69.44%,$0.00
/en-US/kb/cannot-send-messages,"33,915","28,904",00:04:37,"14,964",6.43%,56.67%,$0.00
/fr/kb/thunderbird-et-gmail,"33,839","29,218",00:04:52,"23,578",33.31%,71.73%,$0.00
/fr/kb/gerer-mots-de-passe-de-thunderbird-retrouver-supprimer-modifier,"33,772","30,522",00:06:52,"21,255",3.45%,78.88%,$0.00
/fr/kb/installer-thunderbird-sous-windows,"33,427","24,049",00:02:37,"19,538",9.33%,55.95%,$0.00
/en-US/kb/message-threading-thunderbird,"33,340","30,803",00:04:46,"19,793",4.35%,74.30%,$0.00
/de/kb/einfuhrung-in-thunderbirds-e2ee-verschlusselung,"33,105","26,945",00:04:42,"23,808",14.32%,73.64%,$0.00
/ja/kb/message-threading-thunderbird,"32,597","30,112",00:05:46,"24,698",9.40%,84.47%,$0.00
/en-US/kb/keyboard-shortcuts-thunderbird?redirectslug=keyboard-shortcuts&redirectlocale=en-US,"32,148","29,567",00:04:43,"25,346",15.48%,78.03%,$0.00
/ja/kb/remote-content-in-messages,"31,588","26,243",00:04:17,"23,473",9.40%,74.68%,$0.00
/en-US/kb/organize-your-messages-using-filters,"31,434","29,110",00:05:00,"20,907",5.20%,74.50%,$0.00
/ja/kb/organize-your-messages-using-filters,"31,345","28,248",00:04:16,"19,070",11.10%,76.75%,$0.00
/ja/kb/thunderbird-add-ons-frequently-asked-questions,"31,201","26,736",00:04:37,"23,257",34.30%,76.03%,$0.00
/en-US/kb/password-manager-remember-delete-change-tb,"31,037","27,438",00:05:37,"12,696",4.85%,67.92%,$0.00
/ja/kb/new-thunderbird-60?locale=ja&version=60.9.1&channel=release&os=WINNT&buildid=20191031083309,"31,009","25,792",00:03:42,"23,051",10.68%,74.37%,$0.00
/pt-PT/products/thunderbird,"30,800","18,955",00:00:33,"18,142",75.15%,54.05%,$0.00
/de/kb/Tastaturkuerzel_Thunderbird?redirectslug=keyboard-shortcuts&redirectlocale=en-US,"30,547","28,374",00:05:48,"25,826",17.38%,83.56%,$0.00
/ja/kb/how-create-and-use-mailing-lists-thunderbird,"30,338","27,038",00:05:49,"21,871",7.80%,78.98%,$0.00
/hu/kb/nagy-meretu-mellekletek-hivatkozasa,"30,124","25,171",00:05:25,"24,808",26.04%,82.06%,$0.00
/en-US/kb/cannot-receive-messages,"30,117","25,494",00:04:26,"11,150",5.48%,55.44%,$0.00
/es/kb/mover-los-datos-de-thunderbird-un-nuevo-equipo,"30,114","26,060",00:04:51,"22,758",4.91%,69.20%,$0.00
/en-US/kb/permission-request-messages-thunderbird-extensions,"29,773","23,226",00:03:43,"21,000",10.93%,71.46%,$0.00
/ja/questions/new/thunderbird,"29,467","24,228",00:01:05,"18,048",42.86%,40.01%,$0.00
/fr/products/thunderbird/emails-thunderbird/set-up-email-thunderbird,"29,422","21,597",00:01:26,"17,027",37.65%,34.55%,$0.00
/en-US/kb/how-change-thunderbird-layout,"29,407","27,141",00:04:54,"20,093",5.23%,64.88%,$0.00
/de/kb/berechtigungsdialoge-der-thunderbird-erweiterungen,"29,361","23,893",00:04:52,"21,889",16.53%,75.76%,$0.00
/de/kb/nachrichten-knnen-nicht-gesendet-werden,"29,335","24,485",00:04:26,"15,567",5.05%,63.40%,$0.00
/pl/kb/przenoszenie-danych-thunderbirda-na-nowy-komputer,"29,180","25,536",00:05:35,"21,349",4.71%,69.88%,$0.00
/de/kb/thunderbird-und-gmail,"28,945","24,552",00:04:58,"18,777",4.56%,68.07%,$0.00
/fr/questions/new/thunderbird,"28,679","24,100",00:01:32,"17,447",32.64%,35.12%,$0.00
/en-US/kb/profile-manager-create-and-remove-thunderbird-profiles,"28,452","25,256",00:05:13,"16,056",4.66%,62.45%,$0.00
/de/kb/signaturen,"27,639","25,982",00:07:41,"20,300",4.22%,88.39%,$0.00
/ja/kb/sending-and-receiving-messages-thunderbird,"27,423","24,713",00:04:21,"18,602",9.82%,70.75%,$0.00
/ja/kb/moving-thunderbird-data-to-a-new-computer?redirectslug=moving-thunderbird-data-new-computer&redirectlocale=ja,"27,064","23,301",00:07:07,"22,144",5.41%,76.77%,$0.00
/ja/kb/thunderbird-and-gmail,"26,302","21,131",00:04:02,"16,584",9.38%,64.96%,$0.00
/de/kb/anhang-winmaildat,"26,153","23,855",00:06:04,"23,542",7.11%,90.12%,$0.00
/ja/kb/new-thunderbird-60?locale=ja&version=60.3.0&channel=release&os=WINNT&buildid=20181030083531,"25,610","24,321",00:05:45,"22,648",2.47%,88.90%,$0.00
/zh-TW/products/thunderbird,"25,455","16,019",00:00:37,"15,035",75.38%,54.09%,$0.00
/de/kb/automatisch-konto-konfigurieren,"25,116","21,167",00:03:53,"5,763",6.37%,53.48%,$0.00
/ja/kb/display-thunderbird-menus-and-toolbar,"24,155","21,283",00:03:45,"13,700",11.40%,63.66%,$0.00
/en-US/kb/updating-thunderbird,"23,775","20,754",00:03:02,"13,074",6.89%,57.03%,$0.00
/ru/kb/peremeshenie-dannyh-thunderbird-na-novyj-kompyuter,"23,718","21,776",00:06:07,"19,245",5.95%,78.41%,$0.00
/pt-BR/kb/filelink-para-anexos-grandes,"23,456","20,393",00:05:52,"20,215",30.77%,85.99%,$0.00
/de/kb/neu-thunderbird-60?locale=de&version=60.9.1&channel=release&os=WINNT&buildid=20191031083309,"23,264","19,792",00:05:24,"18,876",18.37%,80.99%,$0.00
/de/kb/thunderbird-aktualisieren,"22,937","19,227",00:02:25,"10,529",7.44%,51.67%,$0.00
/de/kb/thunderbird-import,"22,635","19,245",00:04:07,"16,744",12.23%,68.39%,$0.00
/sl/kb/thunderbird-nezelena-posta,"22,555","16,965",00:04:17,"16,704",38.76%,73.74%,$0.00
/de/kb/ansicht-des-fensterlayouts-in-thunderbird-andern,"22,522","20,745",00:05:52,"17,988",5.73%,78.15%,$0.00
/es/kb/firmas,"22,459","20,872",00:07:47,"18,293",4.93%,87.28%,$0.00
/fr/kb/deplacer-donnees-thunderbird-vers-nouvel-ordinateur,"22,407","19,420",00:05:45,"13,476",5.63%,68.60%,$0.00
/zh-TW/questions/thunderbird?mobile=0&filter=solution-provided&tagged=&show=responded,"22,343","22,343",00:03:50,"22,338",99.97%,99.97%,$0.00
/en-US/kb/introduction-to-e2e-encryption,"22,340","19,274",00:05:14,"15,827",16.47%,74.76%,$0.00
/ja/kb/updating-thunderbird,"22,276","19,266",00:02:51,"13,664",17.78%,60.52%,$0.00
/el/products/thunderbird,"22,127","11,951",00:00:26,"11,454",75.20%,47.95%,$0.00
/zh-CN/products/thunderbird,"22,091","14,190",00:00:49,"11,728",52.79%,42.83%,$0.00
/ja/kb/switch-pop-imap-account,"21,978","19,064",00:04:10,"13,580",9.08%,66.28%,$0.00
/fr/kb/profils-la-ou-thunderbird-conserve-messages-et-aut,"21,943","17,869",00:05:01,"11,183",4.25%,59.97%,$0.00
/ja/products/thunderbird/customize-controls-options-and-add-ons,"21,909","15,983",00:00:51,"1,680",71.87%,25.30%,$0.00
/zh-TW/questions/thunderbird?mobile=0&filter=solution-provided&show=responded,"21,864","21,864",00:03:41,"21,859",99.97%,99.97%,$0.00
/en-US/kb/using-multiple-profiles,"21,813","19,498",00:04:29,"8,183",6.51%,57.36%,$0.00
/pt-BR/kb/compactando-pastas,"21,807","19,639",00:03:00,"19,383",44.83%,88.83%,$0.00
/sv/products/thunderbird,"21,753","14,185",00:01:11,"12,933",38.04%,43.83%,$0.00
/en-US/products/thunderbird/privacy-and-security-settings,"21,728","16,803",00:00:53,"1,268",47.97%,18.46%,$0.00
/ja/kb/keyboard-shortcuts-tb,"21,516","18,941",00:04:25,"16,309",6.73%,78.01%,$0.00
/ja/kb/switching-thunderbird,"21,458","17,374",00:04:42,"13,495",10.15%,66.86%,$0.00
/en-US/products/thunderbird/customize-controls-options-and-add-ons,"21,396","16,699",00:01:09,"1,221",56.45%,22.11%,$0.00
/en-US/kb/openpgp-thunderbird-howto-and-faq,"21,095","18,534",00:04:49,"13,448",8.28%,70.14%,$0.00
/el/kb/thunderbird-kai-anepi8ymhta-mhnymata-spam,"20,923","16,697",00:04:37,"16,576",40.17%,78.57%,$0.00
/it/kb/salvare-password-thunderbird,"20,902","19,262",00:07:28,"16,623",3.94%,84.53%,$0.00
/de/kb/verteilerlisten-erstellen-und-verwenden,"20,670","18,666",00:06:45,"12,847",4.45%,82.09%,$0.00
/en-US/kb/ignore-threads,"20,504","17,387",00:03:16,"12,896",12.41%,69.41%,$0.00
/en-US/kb/thunderbird-telemetry,"20,252","18,784",00:06:41,"18,544",5.07%,89.12%,$0.00
/en-US/kb/how-create-and-use-mailing-lists-thunderbird,"20,096","17,915",00:05:09,"9,486",6.14%,68.20%,$0.00
/it/kb/thunderbird-gmail,"20,087","15,241",00:04:18,"12,274",5.39%,60.66%,$0.00
/fr/kb/comment-creer-et-utiliser-des-listes-de-diffusion,"19,987","18,152",00:06:22,"13,030",8.95%,83.01%,$0.00
/en-US/kb/new-thunderbird-60?locale=en-US&version=60.9.1&channel=release&os=WINNT&buildid=20191031083309,"19,855","17,270",00:04:19,"16,112",18.18%,81.10%,$0.00
/fr/kb/contenu-distant-dans-les-messages,"19,821","15,847",00:05:44,"14,646",8.50%,74.38%,$0.00
/it/kb/firme,"19,709","18,087",00:07:55,"15,933",4.40%,86.27%,$0.00
/en-US/kb/what-winmaildat-attachment,"19,544","17,802",00:04:33,"16,935",9.98%,86.74%,$0.00
/ja/kb/automatic-account-configuration,"19,243","16,381",00:02:52,"2,009",10.27%,42.84%,$0.00
/it/products/thunderbird/emails-thunderbird/set-up-email-thunderbird,"19,194","14,602",00:01:20,"12,427",46.73%,41.62%,$0.00
/ja/products/thunderbird/privacy-and-security-settings,"19,185","15,311",00:00:56,"1,788",57.69%,25.47%,$0.00
/en-US/kb/switching-thunderbird,"19,093","15,325",00:04:20,"9,945",6.61%,56.43%,$0.00
/de/kb/Nachrichten-Filter_Regeln_organisieren,"18,918","17,046",00:04:53,"12,336",4.73%,77.65%,$0.00
/en-US/kb/keyboard-shortcuts-thunderbird,"18,728","16,969",00:04:25,"12,298",6.45%,71.68%,$0.00
/en-US/kb/installing-addon-thunderbird,"18,714","16,158",00:03:23,"6,404",9.79%,57.40%,$0.00
/fr/kb/classer-vos-messages-en-utilisant-des-filtres,"18,642","17,475",00:05:28,"14,871",18.07%,85.70%,$0.00
/ru/products/thunderbird/emails-thunderbird/set-up-email-thunderbird,"18,626","15,211",00:01:17,"12,750",49.33%,43.76%,$0.00
/de/kb/manuell-ein-konto-konfigurieren,"18,546","16,344",00:03:37,"7,361",6.49%,59.77%,$0.00
/ja/kb/using-multiple-profiles,"18,443","16,118",00:04:52,"9,927",9.98%,66.18%,$0.00
/de/products/thunderbird/tips-and-tricks,"18,442","15,233",00:01:06,882,64.19%,26.11%,$0.00
/sk/products/thunderbird,"18,439","12,711",00:00:58,"12,098",73.62%,60.56%,$0.00
/en-US/products/thunderbird/tips-and-tricks,"18,423","15,226",00:01:12,"2,281",67.11%,27.74%,$0.00
/en-US/kb/archived-messages,"18,294","16,653",00:04:51,"9,710",6.22%,64.69%,$0.00
/en-US/kb/using-lightning-google-calendar,"18,288","14,324",00:04:33,"11,098",7.48%,63.82%,$0.00
/tr/products/thunderbird,"18,259","11,192",00:00:33,"10,654",71.05%,54.94%,$0.00
/de/kb/archivierte-nachrichten,"18,237","16,566",00:05:30,"10,276",4.25%,73.84%,$0.00
/en-US/kb/switch-pop-imap-account,"18,071","16,091",00:04:31,"9,134",5.57%,60.88%,$0.00
/en-US/kb/installing-thunderbird-on-mac,"18,068","15,234",00:03:56,"13,581",16.31%,72.76%,$0.00
/de/kb/der-unterschied-zwischen-imap-und-pop3,"17,796","15,927",00:02:52,"3,373",9.01%,45.29%,$0.00
/fi/products/thunderbird,"17,767","11,202",00:01:06,"10,293",47.89%,42.14%,$0.00
/fr/kb/problemes-reception-messages,"17,632","14,890",00:04:51,"6,672",5.16%,60.98%,$0.00
/da/products/thunderbird,"17,623","11,949",00:01:22,"10,694",32.49%,39.99%,$0.00
/en-US/products/thunderbird/contacts-thunderbird,"17,364","13,339",00:00:52,"1,325",43.09%,21.19%,$0.00
/de/products/thunderbird/privacy-and-security-settings,"17,009","13,685",00:01:02,"1,307",63.09%,23.90%,$0.00
/nl/kb/thunderbird-installeren-windows,"16,662","12,413",00:02:52,"10,431",13.43%,58.54%,$0.00
/fr/kb/comment-bloquer-un-expediteur,"16,536","14,505",00:04:48,"9,778",4.37%,76.39%,$0.00
/fr/kb/configuration-automatique-de-compte,"16,426","14,095",00:03:20,"5,013",7.20%,51.39%,$0.00
/de/kb/umstellung-pop-zu-imap-konto,"16,305","14,505",00:04:48,"8,448",4.48%,67.40%,$0.00
/fr/kb/configurer-un-compte-manuellement,"16,258","14,352",00:03:35,"7,634",5.75%,57.10%,$0.00
/en-US/kb/new-email-address,"16,225","13,654",00:02:51,"11,082",11.06%,61.73%,$0.00
/fr/kb/faq-modules-complementaires-thunderbird,"16,207","13,896",00:04:28,"11,867",31.02%,74.47%,$0.00
/de/products/thunderbird/contacts-thunderbird,"16,122","12,236",00:00:52,"1,152",36.32%,25.01%,$0.00
/fr/products/thunderbird/tips-and-tricks,"15,989","13,406",00:01:02,615,46.10%,24.10%,$0.00
/de/kb/themen-ignorieren,"15,949","13,126",00:05:23,"12,307",13.18%,75.53%,$0.00
/it/kb/profili-thunderbird,"15,918","13,603",00:04:32,"7,953",5.25%,60.59%,$0.00
/es/kb/instalar-thunderbird-en-windows,"15,869","12,029",00:02:27,"10,184",14.53%,62.49%,$0.00
/en-US/kb/difference-between-imap-and-pop3,"15,606","14,232",00:02:46,"3,138",7.39%,43.94%,$0.00
/en-US/kb/config-editor,"15,532","14,216",00:04:18,"5,490",8.61%,55.95%,$0.00
/de/kb/senden-und-empfangen-von-e-mails-mit-thunderbird,"15,516","13,666",00:04:11,"9,678",7.00%,64.62%,$0.00
/nl/products/thunderbird/emails-thunderbird,"15,443","11,946",00:00:58,"1,229",42.25%,20.37%,$0.00
/zh-TW/kb/thunderbird-and-junk-spam-messages,"15,417","11,277",00:01:58,"11,251",52.27%,72.25%,$0.00
/de/kb/themenbaume-thunderbird-unterhaltungen-gruppieren,"15,411","14,242",00:05:40,"10,642",3.35%,83.66%,$0.00
/en-US/kb/display-thunderbird-menus-and-toolbar,"15,349","13,505",00:04:10,"6,840",6.04%,55.38%,$0.00
/pt-PT/kb/thunderbird-e-mensagens-de-lixo-eletronico-correio,"15,131","11,260",00:03:49,"11,176",50.11%,73.42%,$0.00
/ru/kb/upravlenie-vashimi-soobsheniyami-s-pomoshyu-filtro,"14,934","13,997",00:05:48,"12,375",6.77%,83.63%,$0.00
/en-US/kb/thunderbird-help-setup-account-e2ee,"14,703","12,795",00:05:37,"11,175",6.37%,75.87%,$0.00
/ja/kb/new-thunderbird-60?locale=ja&version=60.3.1&channel=release&os=WINNT&buildid=20181113231517,"14,566","13,933",00:03:01,"11,844",1.35%,82.30%,$0.00
/ja/kb/thunderbird-import,"14,529","12,632",00:03:57,"10,652",27.78%,69.78%,$0.00
/fr/kb/fils-discussion-thunderbird,"14,496","13,028",00:05:12,"8,481",3.28%,79.56%,$0.00
/it/questions/new/thunderbird,"14,411","11,898",00:01:17,"8,579",40.94%,39.03%,$0.00
/cs/kb/pripojeni-objemnych-priloh-ke-zprave-skrze-ulozist,"14,302","11,674",00:05:50,"11,586",25.50%,80.90%,$0.00
/ja/kb/signatures,"14,279","13,001",00:06:05,"9,730",12.73%,83.47%,$0.00
/nl/kb/afzender-blokkeren,"14,250","11,088",00:03:05,"7,564",2.89%,65.65%,$0.00
/it/products/thunderbird/emails-thunderbird,"14,236","11,283",00:00:55,920,41.30%,23.37%,$0.00
/de/products/thunderbird/customize-controls-options-and-add-ons,"14,192","11,206",00:01:10,"1,049",76.45%,26.40%,$0.00
/fr/kb/differences-imap-pop3,"14,161","12,934",00:02:41,"6,407",6.45%,57.08%,$0.00
/en-US/kb/imap-synchronization,"14,135","13,254",00:04:34,"5,947",7.94%,60.37%,$0.00
/de/kb/exportieren-ihres-thunderbird-profils,"14,109","12,496",00:05:04,"9,185",4.70%,70.68%,$0.00
/es/kb/perfiles-de-thunderbird,"13,903","12,141",00:04:24,"7,298",6.53%,61.40%,$0.00
/ja/kb/permission-request-messages-thunderbird-extensions,"13,764","11,603",00:04:59,"10,390",17.39%,78.07%,$0.00
/nl/kb/externe-inhoud-in-berichten,"13,570","8,949",00:04:51,"8,079",7.19%,60.17%,$0.00
/fr/kb/mise-jour-de-thunderbird,"13,421","11,034",00:02:22,"5,873",5.84%,48.17%,$0.00
/de/kb/mehrere-profile-verwenden,"13,351","11,663",00:04:34,"5,730",4.93%,60.73%,$0.00
/es/kb/administrador-de-contrasenas-recordar-eliminar-y-cambiar-contrase√±as-thunderbird,"13,263","12,310",00:06:39,"10,421",4.73%,82.31%,$0.00
/ja/kb/password-manager-remember-delete-change-tb,"13,171","11,912",00:06:19,"7,714",6.78%,75.01%,$0.00
/sl/products/thunderbird,"13,132","8,542",00:00:52,"8,323",77.77%,58.99%,$0.00
/it/products/thunderbird/install-migrate-and-update,"13,127","10,353",00:01:00,"6,020",54.41%,39.85%,$0.00
/ru/products/thunderbird/emails-thunderbird,"13,089","10,647",00:01:01,"3,695",45.13%,32.49%,$0.00
/en-US/kb/rebuilding-global-database,"13,037","10,629",00:02:58,"5,594",7.28%,51.94%,$0.00
/fr/kb/archivage-des-messages,"12,790","11,536",00:05:29,"7,241",4.43%,71.26%,$0.00
/es/products/thunderbird/install-migrate-and-update,"12,617","10,153",00:01:13,"7,077",58.23%,49.20%,$0.00
/it/kb/thunderbird-messaggi-raggruppati-discussione,"12,615","11,595",00:05:47,"8,898",3.57%,82.93%,$0.00
/ja/kb/unable-launch-older-version-profile,"12,592","9,444",00:03:28,"8,253",21.90%,59.78%,$0.00
/fr/kb/options-configuration-pour-comptes,"12,514","11,448",00:04:57,"6,449",6.17%,66.52%,$0.00
/es/kb/problemas-al-enviar-y-recibir-mensajes,"12,506","10,980",00:04:46,"7,391",5.87%,62.48%,$0.00
/es/products/thunderbird/emails-thunderbird/set-up-email-thunderbird,"12,383","9,922",00:01:21,"8,275",52.28%,45.87%,$0.00
/nl/questions/new/thunderbird,"12,301","9,069",00:01:21,"6,872",31.18%,30.44%,$0.00
/pl/kb/profile-thunderbirda,"12,301","10,685",00:04:49,"7,418",5.30%,64.72%,$0.00
/it/kb/impossibile-inviare-messaggi,"12,251","9,885",00:04:50,"7,840",5.80%,62.51%,$0.00
/en-US/questions/thunderbird,"12,228","9,357",00:01:31,"2,486",38.20%,24.57%,$0.00
/ja/kb/archived-messages,"12,217","11,296",00:04:00,"7,211",9.70%,71.98%,$0.00
/fr/kb/raccourcis-clavier-thunderbird?redirectslug=keyboard-shortcuts&redirectlocale=en-US,"12,187","11,476",00:05:25,"10,543",24.40%,85.19%,$0.00
/en-US/kb/how-do-i-create-screenshot-my-problem,"12,181","11,335",00:01:37,"6,890",9.54%,58.71%,$0.00
/ja/kb/hyperlinks-in-messages-not-working,"12,146","9,765",00:04:32,"8,900",14.65%,71.37%,$0.00
/en-US/kb/unable-launch-older-version-profile,"12,128","10,019",00:03:31,"8,433",19.29%,64.95%,$0.00
/ja/products/thunderbird/emails-thunderbird/read-send-and-organize-emails,"12,096","9,346",00:00:53,"1,147",69.37%,25.21%,$0.00
/es/kb/thunderbird-no-me-permite-enviar-mensajes,"12,086","10,536",00:05:11,"8,512",5.11%,69.65%,$0.00
/fr/products/thunderbird/contacts-thunderbird,"12,055","9,001",00:00:49,825,37.66%,20.98%,$0.00
/pt-BR/kb/instale-o-thunderbird-no-windows,"12,015","9,342",00:02:13,"8,532",16.10%,65.99%,$0.00
/ja/kb/installing-thunderbird-on-mac,"11,970","9,281",00:03:42,"8,696",23.61%,70.62%,$0.00
/en-US/kb/thunderbird-and-hotmail,"11,907","10,492",00:05:20,"8,864",16.50%,68.61%,$0.00
/pt-BR/kb/perfis-onde-thunderbird-armazena-dados-usuario,"11,821","10,522",00:05:34,"8,304",5.10%,71.23%,$0.00
/ro/kb/thunderbird-and-junk-spam-messages,"11,742","10,088",00:03:30,"10,072",59.41%,85.35%,$0.00
/ru/kb/nastrojka-uchyotnoj-zapisi-vruchnuyu,"11,740","10,559",00:04:41,"6,264",7.71%,68.58%,$0.00
/pl/kb/problemy-z-odbieraniem-wiadomosci,"11,707","10,283",00:05:13,"8,135",5.63%,67.63%,$0.00
/ru/kb/podpisi,"11,696","10,843",00:07:01,"9,325",6.35%,86.34%,$0.00
/fr/kb/migrer-thunderbird-vers-un-nouvel-ordinateur,"11,676","9,977",00:05:50,"7,592",4.45%,67.88%,$0.00
/it/kb/impossibile-ricevere-messaggi-thunderbird,"11,674","10,048",00:04:54,"7,073",5.42%,64.32%,$0.00
/de/kb/Tastaturkuerzel_Thunderbird,"11,667","10,569",00:04:59,"7,434",6.58%,74.84%,$0.00
/de/kb/themenbaume-thunderbird-unterhaltungen-gruppieren?redirectslug=nachrichtenthreading-thunderbird-nachrichten-gruppieren&redirectlocale=de,"11,561","10,869",00:07:00,"10,212",3.48%,89.91%,$0.00
/ja/kb/changing-imap-pop,"11,559","10,353",00:05:05,"8,536",4.46%,71.07%,$0.00
/en-US/kb/digitally-signing-and-encrypting-messages,"11,526","9,285",00:03:29,"7,142",8.25%,56.51%,$0.00
/en-US/users/auth?next=/en-US/questions/new/thunderbird/form,"11,380","9,958",00:02:06,508,63.06%,53.49%,$0.00
/de/kb/Konfigurationsmoeglichkeiten-fuer-Konten,"11,228","10,302",00:04:38,"5,672",5.70%,65.92%,$0.00
/cs/kb/provedeni-udrzby-slozek,"11,205","10,292",00:03:57,"10,011",49.22%,89.35%,$0.00
/de/kb/zu-thunderbird-wechseln,"11,161","8,701",00:05:37,"6,732",5.63%,66.49%,$0.00
/en-US/kb/what-mozilla-maintenance-service,"11,140","10,117",00:03:11,"7,199",10.74%,70.54%,$0.00
/ru/kb/potoki-soobshenij-v-thunderbird-gruppirujte-soobsh,"11,134","10,332",00:06:50,"8,799",3.98%,83.29%,$0.00
/it/kb/domande-frequenti-componenti-aggiuntivi-thunderbird,"11,132","8,371",00:05:09,"7,303",34.42%,66.49%,$0.00
/nl/kb/mappen-comprimeren,"11,129","10,217",00:03:55,"9,848",31.12%,88.90%,$0.00
/it/kb/installare-thunderbird-windows,"11,110","8,365",00:02:25,"6,791",14.81%,58.93%,$0.00
/fr/products/thunderbird/privacy-and-security-settings,"11,069","8,735",00:00:42,478,38.99%,16.12%,$0.00
/es/kb/configuracion-manual-de-una-cuenta-de-correo,"11,025","9,829",00:04:43,"6,657",8.31%,68.45%,$0.00
/ja/products/thunderbird/tips-and-tricks,"11,024","8,948",00:00:52,272,52.21%,23.68%,$0.00
/en-US/products/thunderbird/calendar,"10,985","8,138",00:00:57,"2,968",45.00%,27.42%,$0.00
/nl/kb/thunderbird-gegevens-naar-een-nieuwe-computer-verplaatsen,"10,952","9,115",00:05:41,"6,865",4.95%,66.07%,$0.00
/es/kb/thunderbird-y-gmail,"10,863","9,121",00:03:46,"6,764",7.89%,61.90%,$0.00
/de/kb/imap-synchronisierung,"10,812","10,200",00:06:02,"7,189",5.33%,75.02%,$0.00
/ja/kb/quick-filter-toolbar,"10,760","9,846",00:03:43,"7,653",10.28%,74.81%,$0.00
/ru/kb/chto-novogo-v-thunderbird-60?locale=ru&version=60.9.1&channel=release&os=WINNT&buildid=20191031083309,"10,760","8,448",00:02:10,"8,017",25.02%,74.69%,$0.00
/pl/kb/sygnatury,"10,752","9,942",00:06:55,"8,894",5.80%,86.57%,$0.00
/nl/products/thunderbird/emails-thunderbird/set-up-email-thunderbird,"10,751","7,239",00:01:29,"5,649",35.50%,32.11%,$0.00
/de/products/thunderbird/calendar,"10,617","7,925",00:00:57,"2,453",34.81%,24.64%,$0.00
/en-US/kb/thunderbird-and-yahoo,"10,612","8,584",00:05:18,"5,635",8.67%,62.72%,$0.00
/zh-TW/questions/thunderbird?mobile=0&tagged=&escalated=1&show=needs-attention,"10,588","10,588",00:03:10,"10,584",99.97%,99.97%,$0.00
/nl/products/thunderbird/install-migrate-and-update,"10,571","8,011",00:01:09,"3,477",40.36%,28.38%,$0.00
/ru/kb/profili-v-thunderbird,"10,559","9,415",00:04:54,"6,524",5.21%,67.48%,$0.00
/pl/products/thunderbird/install-migrate-and-update,"10,541","8,387",00:00:58,"4,016",51.22%,34.27%,$0.00
/ja/kb/imap-synchronization,"10,494","9,648",00:06:13,"7,393",7.29%,75.59%,$0.00
/fr/kb/thunderbird-import,"10,432","9,067",00:03:52,"7,645",10.47%,67.16%,$0.00
/ja/kb/how-customize-toolbars,"10,429","9,309",00:03:50,"5,248",14.37%,62.19%,$0.00
/it/kb/impostazioni-thunderbird-pannello-avanzate,"10,399","9,463",00:04:46,"7,014",7.15%,65.58%,$0.00
/en-US/kb/sending-and-receiving-messages-thunderbird,"10,350","9,416",00:03:54,"5,889",7.23%,61.41%,$0.00
/ja/kb/how-use-attachments,"10,341","8,823",00:03:40,"6,364",12.11%,66.59%,$0.00
/zh-TW/questions/thunderbird?mobile=0&tagged=&show=needs-attention,"10,305","10,305",00:05:00,"10,304",99.97%,99.97%,$0.00
/zh-CN/questions/thunderbird?mobile=0&tagged=&escalated=1&show=needs-attention,"10,202","10,201",00:06:51,"10,199",99.97%,99.97%,$0.00
/hr/products/thunderbird,"10,195","6,138",00:00:28,"5,974",78.63%,55.16%,$0.00
/en-US/kb/microsoft-oauth-authentication-and-thunderbird-202,"10,164","8,789",00:04:42,"6,134",5.71%,64.32%,$0.00
/fr/kb/ignorer-fils-de-discussion,"10,084","8,852",00:02:56,"7,307",21.05%,68.07%,$0.00
/de/kb/neu-thunderbird-60?locale=de&buildid=20181204174145&version=60.3.3&os=WINNT&channel=release,"10,083","9,046",00:06:23,"8,498",3.58%,85.01%,$0.00
/it/kb/organizzare-messaggi-posta-thundebird-filtri,"10,065","9,289",00:05:20,"7,321",5.99%,78.30%,$0.00
/ja/kb/installing-addon-thunderbird,"10,064","8,741",00:05:03,"6,207",9.86%,70.83%,$0.00
/en-US/kb/thunderbird-115-supernova-faq,"9,999","8,576",00:03:39,"7,305",5.30%,64.44%,$0.00
/de/kb/Thunderbird-als-Standard-Mail-Anwendung-festlegen,"9,967","8,809",00:04:45,"5,573",4.69%,70.66%,$0.00
/en-US/products/thunderbird/learn-basics-get-started,"9,963","7,617",00:01:36,"5,844",45.90%,41.15%,$0.00
/sv/kb/filelink-stora-bilagor,"9,962","7,804",00:05:18,"7,359",8.74%,72.04%,$0.00
/pl/kb/porzadkowanie-wiadomosci-za-pomoca-filtrow,"9,903","9,321",00:06:18,"8,144",6.01%,85.28%,$0.00
/de/kb/Ferienkalender-hinzufuegen,"9,860","6,336",00:03:19,"4,885",8.56%,58.17%,$0.00
/fr/kb/thunderbird-et-hotmail,"9,627","8,568",00:06:31,"7,745",37.60%,79.54%,$0.00
/it/kb/bloccare-mittente,"9,595","8,586",00:05:36,"5,961",3.10%,80.73%,$0.00
/fr/kb/profils-thunderbird-conserve-donnees-utilisateur,"9,551","8,240",00:05:13,"5,614",3.97%,64.28%,$0.00
/es/kb/organizar-tus-mensajes-utilizando-filtros,"9,532","8,828",00:05:36,"6,705",5.92%,79.76%,$0.00
/zh-TW/questions/thunderbird?show=responded&mobile=0&filter=solution-provided,"9,484","9,484",00:03:32,"9,484",99.97%,99.97%,$0.00
/de/kb/openpgp-in-thunderbird-leitfaden-und-faqs,"9,429","8,095",00:05:20,"5,978",7.38%,71.52%,$0.00
/ja/kb/addressing-email,"9,368","8,436",00:04:04,"6,266",12.39%,73.38%,$0.00
/zh-TW/questions/thunderbird?show=needs-attention&mobile=0,"9,360","9,360",00:03:19,"9,358",99.99%,99.99%,$0.00
/de/kb/thunderbird-unter-linux-installieren,"9,337","6,953",00:04:25,"6,026",6.42%,66.05%,$0.00
/en-US/kb/configuration-options-accounts,"9,328","8,554",00:04:21,"3,511",7.46%,56.86%,$0.00
/es/kb/qu-es-el-adjunto-winmaildat,"9,282","8,128",00:04:30,"7,955",8.42%,84.71%,$0.00
/de/kb/thunderbird-profile-erstellen-und-loeschen,"9,281","8,200",00:05:33,"5,352",4.07%,66.02%,$0.00
/hu/kb/mappa-tomoritese,"9,261","8,500",00:03:28,"8,357",49.43%,90.22%,$0.00
/pl/products/thunderbird/emails-thunderbird,"9,229","7,356",00:00:55,"1,823",47.96%,28.90%,$0.00
/es/kb/faq-complementos-y-extensiones,"9,145","8,048",00:05:05,"7,075",35.11%,79.08%,$0.00
/zh-TW/questions/thunderbird?show=all&mobile=0,"9,082","9,082",00:03:44,"9,079",99.98%,99.98%,$0.00
/ja/kb/rebuilding-global-database,"9,077","6,945",00:02:11,"6,342",11.36%,58.82%,$0.00
/it/kb/configurazione-automatica-account,"9,076","8,021",00:03:30,"3,079",7.44%,56.06%,$0.00
/ja/kb/new-thunderbird-60?locale=ja&version=60.3.2&channel=release&os=WINNT&buildid=20181128113928,"9,045","8,699",00:01:52,"6,954",5.32%,77.56%,$0.00
/it/kb/configurazione-manuale-account,"9,027","7,878",00:04:02,"3,931",5.53%,58.72%,$0.00
/it/kb/archiviazione-messaggi,"8,987","8,161",00:05:14,"6,036",4.85%,71.16%,$0.00
/en-US/kb/how-subscribe-news-feeds-and-blogs,"8,933","7,998",00:04:33,"6,157",8.22%,77.44%,$0.00
/en-US/kb/install-themes-change-look-thunderbird,"8,859","8,215",00:05:28,"6,079",13.59%,71.98%,$0.00
/es/kb/evitar-informar-estafas-al-soporte-tecnico-mozilla,"8,849","7,280",00:00:56,333,15.82%,29.55%,$0.00
/fr/kb/modifier-disposition-thunderbird,"8,825","8,174",00:04:58,"6,890",6.90%,72.02%,$0.00
/es/products/thunderbird/emails-thunderbird,"8,766","7,263",00:01:03,"1,344",50.34%,29.79%,$0.00
/pt-PT/kb/compactar-pastas,"8,751","7,663",00:02:31,"7,603",55.05%,86.88%,$0.00
/tr/kb/thunderbird-and-junk-spam-messages,"8,735","7,264",00:05:05,"7,257",55.02%,82.50%,$0.00
/de/kb/symbolleisten-anpassen,"8,692","7,687",00:05:16,"5,568",4.41%,68.34%,$0.00
/de/kb/alte-thunderbird-version-startet-nicht-mit-profil,"8,652","7,192",00:03:34,"6,421",14.62%,65.48%,$0.00
/fr/products/thunderbird/customize-controls-options-and-add-ons,"8,636","6,679",00:00:58,244,52.94%,20.39%,$0.00
/pl/products/thunderbird/emails-thunderbird/set-up-email-thunderbird,"8,572","6,729",00:01:19,"5,621",47.35%,42.09%,$0.00
/en-US/questions/new/thunderbird/form,"8,556","6,988",00:05:06,"2,474",11.66%,11.90%,$0.00
/fr/kb/gestionnaire-profils-creer-supprimer-thunderbird,"8,546","7,389",00:04:53,"4,719",4.24%,61.89%,$0.00
/nl/kb/kan-geen-berichten-verzenden,"8,541","6,830",00:04:51,"3,790",4.56%,59.69%,$0.00
/fr/kb/envoyer-et-recevoir-messages-thunderbird,"8,444","7,300",00:03:44,"4,846",6.88%,59.84%,$0.00
/es/kb/opciones-de-configuracin-de-cuentas,"8,414","7,779",00:05:08,"5,581",5.52%,68.87%,$0.00
/pl/kb/nowosci-w-thunderbirdzie-60?locale=pl&version=60.9.1&channel=release&os=WINNT&buildid=20191031083309,"8,411","5,681",00:01:38,"5,526",34.94%,66.01%,$0.00
/pl/kb/migracja-poczty-do-thunderbirda,"8,387","6,802",00:05:18,"5,539",6.59%,65.21%,$0.00
/en-US/kb/hyperlinks-in-messages-not-working,"8,382","6,754",00:03:25,"4,320",7.74%,51.81%,$0.00
/ru/products/thunderbird/install-migrate-and-update,"8,381","6,995",00:01:14,"4,824",59.80%,47.11%,$0.00
/ja/kb/thunderbird-78-faq,"8,341","6,019",00:02:09,"1,250",9.54%,32.13%,$0.00
/fr/kb/installation-thunderbird-mac,"8,335","6,757",00:03:51,"6,263",13.34%,70.88%,$0.00
/de/products/thunderbird/emails-thunderbird/read-send-and-organize-emails,"8,284","6,556",00:01:01,648,57.14%,23.84%,$0.00
/ru/kb/problemy-otpravki-i-polucheniya-soobshenij,"8,224","7,260",00:05:01,"5,676",4.84%,68.01%,$0.00
/fr/kb/passer-thunderbird,"8,207","6,540",00:05:06,"4,681",6.46%,63.82%,$0.00
/ja/products/thunderbird/contacts-thunderbird,"8,199","6,415",00:00:37,227,56.80%,18.38%,$0.00
/it/kb/contenuti-remoti-nei-messaggi,"8,128","6,367",00:04:26,"5,995",15.40%,74.31%,$0.00
/ru/products/thunderbird/customize-controls-options-and-add-ons,"8,091","6,381",00:01:18,"1,844",46.03%,30.77%,$0.00
/ja/kb/difference-between-imap-and-pop3,"7,999","7,159",00:02:40,"1,633",6.05%,43.57%,$0.00
/ru/kb/ne-otpravlyayutsya-soobsheniya,"7,936","6,998",00:05:19,"5,772",5.68%,71.82%,$0.00
/pl/kb/thunderbird-i-gmail,"7,914","6,493",00:04:35,"5,071",4.91%,63.57%,$0.00
/it/kb/scorciatoie-da-tastiera-di-thunderbird?redirectslug=keyboard-shortcuts&redirectlocale=en-US,"7,905","7,534",00:04:51,"6,852",26.91%,86.10%,$0.00
/en-US/kb/automatic-conversion-google-mail-accounts-oauth20,"7,876","7,051",00:05:29,"3,030",18.47%,63.75%,$0.00
/de/kb/hyperlinks-nachrichten-funktionieren-nicht,"7,825","6,542",00:04:29,"5,740",7.26%,69.85%,$0.00
/en-US/kb/customize-date-time-formats-thunderbird,"7,822","6,713",00:05:21,"5,005",5.07%,67.39%,$0.00
/fr/kb/notification-absence,"7,787","6,142",00:02:16,"1,165",20.95%,65.71%,$0.00
/nl/kb/kan-geen-berichten-ontvangen,"7,756","6,189",00:04:21,"3,010",4.58%,54.99%,$0.00
/en-US/kb/uninstall-thunderbird,"7,745","7,001",00:04:19,"5,634",19.23%,72.06%,$0.00
/de/kb/installation-von-thunderbird-auf-einem-mac,"7,726","6,354",00:03:53,"5,867",10.47%,71.63%,$0.00
/en-US/products/thunderbird/install-migrate-and-update/copy-your-personal-information-one-thunderbird-another,"7,703","5,661",00:00:59,"2,866",14.90%,18.99%,$0.00
/fr/kb/messages-demande-permission-extensions-thunderbird,"7,689","6,296",00:04:23,"5,590",15.01%,74.83%,$0.00
/en-US/kb/thunderbird-78-faq,"7,682","5,969",00:02:54,"2,218",10.41%,40.91%,$0.00
/ru/kb/upravlenie-parolyami-zapominanie-udalenie-izmenenie-tb,"7,668","7,196",00:07:19,"6,301",5.63%,84.68%,$0.00
/ru/kb/thunderbird-i-gmail,"7,667","6,596",00:04:56,"5,323",4.79%,68.16%,$0.00
/de/kb/ordneransicht-umschalten,"7,646","7,121",00:06:26,"5,636",4.51%,76.86%,$0.00
/es/kb/ignorar-hilos,"7,604","6,754",00:03:44,"6,023",17.63%,73.71%,$0.00
/hr/kb/thunderbird-and-junk-spam-messages,"7,565","6,035",00:05:56,"6,007",40.89%,78.61%,$0.00
/ja/kb/config-editor,"7,561","6,491",00:04:10,"4,427",7.22%,63.83%,$0.00
/ja/kb/cannot-delete-messages,"7,528","6,779",00:07:37,"6,069",17.03%,82.35%,$0.00
/ro/products/thunderbird,"7,491","4,832",00:00:30,"4,586",77.39%,58.70%,$0.00
/it/kb/configurazione-opzioni-account,"7,452","6,841",00:05:18,"4,835",6.68%,68.49%,$0.00
/fr/kb/fichier-joint-winmail-dat,"7,363","6,648",00:05:16,"6,480",8.04%,88.55%,$0.00
/de/kb/thunderbird-telemetry,"7,343","6,808",00:06:26,"6,767",7.11%,89.66%,$0.00
/en-US/kb/thunderbird-beta,"7,328","6,362",00:03:09,"5,405",10.92%,71.10%,$0.00
/de/kb/mit-lightning-auf-google-kalender-zugreifen,"7,301","5,928",00:04:42,"4,885",5.95%,72.43%,$0.00
/ja/kb/thunderbird-export,"7,264","6,281",00:03:20,"5,176",24.08%,68.76%,$0.00
/no/products/thunderbird,"7,218","4,934",00:01:25,"4,489",37.08%,45.65%,$0.00
/uk/products/thunderbird,"7,191","5,018",00:00:59,"4,793",75.92%,62.24%,$0.00
/fr/kb/le-protocole-imap,"7,161","6,456",00:04:16,"3,993",5.01%,57.24%,$0.00
/pl/kb/co-jest-zalacznik-winmaildat,"7,081","6,405",00:05:18,"6,315",9.90%,89.03%,$0.00
/ja/products/thunderbird/how,"7,068","4,957",00:01:56,"4,343",45.32%,44.00%,$0.00
/pl/kb/tworzenie-watkow-wiadomosci-thunderbird,"7,052","6,616",00:06:18,"5,035",4.61%,85.47%,$0.00
/cs/kb/presunuti-dat-thunderbirdu-na-novy-pocitac,"7,047","6,170",00:05:52,"4,988",4.55%,70.46%,$0.00
/en-US/kb/thunderbird-faq,"6,979","6,032",00:03:01,"4,670",9.70%,61.67%,$0.00
/pl/kb/nie-mozna-wysylac-wiadomosci-thunderbird,"6,921","5,884",00:05:03,"4,401",4.88%,66.42%,$0.00
/it/kb/passare-thunderbird,"6,896","5,297",00:05:02,"4,363",6.26%,64.56%,$0.00
/fr/kb/reparer-base-de-donnees-globale,"6,884","5,258",00:02:57,"3,449",4.87%,47.75%,$0.00
/fr/kb/raccourcis-clavier-thunderbird,"6,878","6,175",00:04:18,"4,373",5.79%,73.58%,$0.00
/pt-BR/kb/assinaturas,"6,874","6,340",00:06:43,"5,641",6.08%,86.65%,$0.00
/it/kb/esportare-profilo-thunderbird,"6,858","6,123",00:04:22,"4,782",4.97%,68.31%,$0.00
/ja/kb/new-thunderbird-45?cache=no,"6,847","6,551",00:00:30,"3,386",0.24%,48.23%,$0.00
/fr/kb/nouveautes-de-thunderbird-60?locale=fr&version=60.9.1&channel=release&os=WINNT&buildid=20191031083309,"6,814","5,513",00:03:31,"5,294",26.61%,78.51%,$0.00
/de/kb/mozilla-betrug-durch-falschen-support-melden,"6,784","5,542",00:02:09,923,12.28%,36.14%,$0.00
/en-US/kb/make-thunderbird-default-mail-client,"6,764","6,098",00:04:40,"4,203",6.02%,69.23%,$0.00
/de/kb/grosse-anhaenge-per-email-senden,"6,676","5,683",00:04:05,"4,850",5.24%,73.11%,$0.00
/pt-BR/kb/como-mover-dados-thunderbird-para-outro-computador,"6,665","5,993",00:04:53,"4,852",4.80%,69.38%,$0.00
/en-US/kb/exporting-and-sharing-a-calendar,"6,651","5,824",00:04:21,"3,620",6.60%,61.80%,$0.00
/es/kb/contenido-remoto-en-los-mensajes,"6,647","5,991",00:06:11,"5,621",17.77%,84.43%,$0.00
/en-US/kb/protect-your-thunderbird-passwords-primary-password,"6,638","5,918",00:05:00,"2,938",5.12%,62.59%,$0.00
/fr/kb/transformer-un-compte-pop-en-imap,"6,635","5,642",00:03:52,"2,971",6.13%,57.48%,$0.00
/ca/kb/thunderbird-and-junk-spam-messages,"6,624","5,804",00:03:14,"5,800",58.66%,86.85%,$0.00
/fr/kb/les-liens-hypertextes-dans-les-messages-ne-fonctio,"6,605","5,543",00:03:38,"4,726",11.89%,69.28%,$0.00
/it/kb/modalita-risoluzione-problemi-thunderbird,"6,597","5,857",00:05:44,"4,275",4.51%,66.77%,$0.00
/ja/kb/global-search,"6,589","5,965",00:03:35,"4,480",9.95%,70.63%,$0.00
/id/products/thunderbird,"6,579","3,215",00:00:20,"3,051",80.01%,46.21%,$0.00
/de/kb/thunderbird-und-hotmail,"6,577","5,715",00:05:24,"5,107",8.10%,73.03%,$0.00
/ja/kb/profile-manager-create-and-remove-thunderbird-profiles,"6,577","5,558",00:05:25,"3,352",5.47%,64.01%,$0.00
/ru/kb/nastrojki-konfiguracii-dlya-uchyotnyh-zapisej,"6,576","6,170",00:05:35,"4,601",6.81%,73.56%,$0.00
/ru/questions/new/thunderbird,"6,549","5,039",00:01:10,"3,560",56.72%,44.16%,$0.00
/ja/products/thunderbird/calendar,"6,517","4,313",00:00:54,"1,888",33.83%,26.30%,$0.00
/ja/kb/new-thunderbird-52?locale=ja&version=52.1.1&os=WINNT&buildid=20170509142926,"6,489","6,188",00:00:30,"3,051",0.98%,45.63%,$0.00
/pt-PT/kb/filelink-para-anexos-grandes,"6,465","5,117",00:03:58,"5,058",25.82%,76.77%,$0.00
/es/kb/como-cambiar-la-disposicion-de-thunderbird,"6,449","5,907",00:04:50,"4,460",5.38%,69.65%,$0.00
/pl/kb/skroty-klawiaturowe-thunderbird?redirectslug=keyboard-shortcuts&redirectlocale=en-US,"6,421","6,039",00:05:01,"5,523",20.38%,86.00%,$0.00
/el/kb/filelink-gia-megala-synhmmena-arxeia,"6,416","5,098",00:04:53,"5,034",15.16%,77.87%,$0.00
/en-US/kb/changing-imap-pop,"6,406","5,980",00:05:18,"4,191",5.53%,67.41%,$0.00
/fr/kb/comment-s-abonner-aux-flux-de-nouvelles-et-blogs,"6,377","5,516",00:05:14,"5,035",8.36%,81.18%,$0.00
/fr/products/thunderbird/calendar,"6,372","4,689",00:00:59,"1,876",31.47%,25.88%,$0.00
/fr/kb/ou-sont-passes-menus-fichier-edition-affichage-thunderbird,"6,363","5,708",00:04:34,"2,550",5.62%,61.02%,$0.00
/fr/kb/mode-de-depannage-thunderbird,"6,354","5,614",00:06:12,"4,177",3.90%,67.44%,$0.00
/de/kb/neu-thunderbird-60?locale=de&buildid=20181030083531&version=60.3.0&os=WINNT&channel=release,"6,342","5,945",00:04:14,"5,154",2.95%,82.28%,$0.00
/ja/kb/find-what-version-thunderbird-you-are-using,"6,319","5,809",00:04:07,"3,253",11.16%,64.30%,$0.00
/en-US/kb/how-customize-toolbars,"6,250","5,526",00:02:58,"2,125",8.18%,45.23%,$0.00
/es/kb/respuesta-en-modo-vacaciones,"6,230","5,259",00:03:53,"3,902",13.37%,77.88%,$0.00
/en-US/kb/thunderbird-help-cannot-encrypt,"6,215","5,030",00:03:29,"4,051",10.40%,61.27%,$0.00
/en-US/products/thunderbird/emails-thunderbird/read-send-and-organize-emails,"6,157","4,790",00:01:09,360,43.01%,20.01%,$0.00
/en-US/kb/creating-new-calendars,"6,136","5,604",00:05:15,"3,031",7.73%,67.91%,$0.00
/fr/kb/utilisez-lightning-avec-agenda-google,"6,130","4,712",00:04:43,"3,959",5.26%,67.73%,$0.00
/fr/kb/utiliser-plusieurs-profils-utilisateur,"6,116","5,264",00:04:34,"1,653",7.43%,54.56%,$0.00
/pl/kb/menedzer-hasel-jak-zapisywac-kasowac-i-zmieniac-hasla-thunderbird,"6,111","5,674",00:07:06,"4,513",5.80%,83.21%,$0.00
/en-US/kb/troubleshoot-mode-thunderbird,"6,106","5,494",00:05:22,"2,989",7.19%,61.78%,$0.00
/es/kb/bloquear-un-remitente,"6,080","5,446",00:06:21,"4,030",3.20%,82.96%,$0.00
/pl/kb/archiwizowanie-wiadomosci,"6,072","5,504",00:05:49,"4,406",5.65%,76.30%,$0.00
/ja/kb/troubleshoot-mode-thunderbird,"6,067","5,300",00:05:58,"3,953",7.84%,69.94%,$0.00
/lt/products/thunderbird,"6,056","2,984",00:00:22,"2,908",81.79%,45.87%,$0.00
/es/questions/new/thunderbird,"6,040","5,282",00:01:27,"3,835",54.03%,49.12%,$0.00
/pl/kb/zdalna-tresc-w-wiadomosciach,"5,974","5,308",00:05:53,"5,015",26.02%,84.52%,$0.00
/sr/products/thunderbird,"5,915","3,118",00:00:20,"3,029",78.15%,49.03%,$0.00
/it/kb/cambiare-visualizzazione-pannello-cartelle,"5,905","5,437",00:04:51,"4,098",7.34%,66.69%,$0.00
/de/kb/neue-kalender-erstellen,"5,869","5,275",00:04:39,"3,649",7.06%,70.23%,$0.00
/ja/kb/switching-folder-pane-view,"5,832","5,420",00:04:21,"3,979",21.03%,71.83%,$0.00
/en-US/kb/calendar-updates-issues-thunderbird,"5,830","5,026",00:05:30,"3,335",5.16%,57.79%,$0.00
/ja/kb/new-email-address,"5,829","4,872",00:04:22,"3,710",8.03%,67.70%,$0.00
/uk/kb/thunderbird-and-junk-spam-messages,"5,825","5,118",00:03:44,"5,100",55.80%,87.09%,$0.00
/fr/kb/presentation-chiffrement-bout-en-bout-thunderbird,"5,819","5,002",00:05:16,"4,131",12.65%,74.70%,$0.00
/ja/kb/unable-install-add-on-extension-theme-thunderbird,"5,802","4,541",00:03:30,"3,567",10.65%,62.98%,$0.00
/it/kb/creare-utilizzare-lista-distribuzione-thundebird,"5,795","5,274",00:06:53,"4,308",6.14%,82.52%,$0.00
/es/kb/instalar-thunderbird-en-ubuntu-linux,"5,729","4,293",00:04:03,"3,716",11.04%,65.70%,$0.00
/ru/kb/perehod-na-thunderbird-s-drugih-pochtovyh-klientov,"5,729","4,831",00:05:38,"4,111",5.72%,70.68%,$0.00
/es/kb/novedades-de-thunderbird-60?locale=es-ES&version=60.9.1&channel=release&os=WINNT&buildid=20191031083309,"5,723","4,771",00:05:06,"4,560",28.65%,80.88%,$0.00
/de/kb/anhange-verwenden,"5,683","4,850",00:03:31,"3,257",8.41%,64.46%,$0.00
/pl/kb/ignorowanie-watkow,"5,671","5,139",00:04:00,"4,602",21.44%,80.89%,$0.00
/lt/kb/thunderbird-and-junk-spam-messages,"5,652","4,163",00:04:59,"4,160",47.67%,73.28%,$0.00
/ja/kb/using-saved-searches,"5,651","5,256",00:03:49,"4,022",13.15%,73.35%,$0.00
/en-US/kb/quick-filter-toolbar,"5,640","5,265",00:03:15,"2,305",8.25%,61.47%,$0.00
/ja/kb/new-thunderbird-60?locale=ja&version=60.4.0&channel=release&os=WINNT&buildid=20181217101353,"5,639","4,983",00:06:26,"4,735",2.89%,83.90%,$0.00
/en-US/questions/thunderbird?show=all,"5,622","1,571",00:00:40,851,19.23%,15.81%,$0.00
/en-US/kb/message-tags,"5,621","5,206",00:04:09,"3,356",7.84%,64.05%,$0.00
/de/kb/addon-thunderbird-installieren,"5,620","4,760",00:04:59,"2,923",6.68%,68.31%,$0.00
/ja/kb/using-lightning-google-calendar,"5,612","4,005",00:04:32,"3,401",11.20%,63.26%,$0.00
/ru/kb/otpravka-i-poluchenie-soobshenij-v-thunderbird,"5,589","5,093",00:04:56,"4,250",6.68%,72.12%,$0.00
/es/kb/como-crear-usar-listas-correo,"5,551","5,106",00:06:18,"4,067",5.63%,80.27%,$0.00
/de/kb/nachrichten-feeds-und-blogs-abonnieren,"5,460","4,876",00:06:03,"4,234",8.22%,82.12%,$0.00
/de/kb/neu-thunderbird-60?locale=de&buildid=20181113231517&version=60.3.1&os=WINNT&channel=release,"5,452","5,127",00:07:58,"4,917",2.64%,90.55%,$0.00
/bg/products/thunderbird,"5,451","3,715",00:00:31,"3,620",75.52%,60.72%,$0.00
/it/kb/sincronizzazione-imap,"5,451","5,002",00:05:22,"2,955",5.41%,67.02%,$0.00
/ru/kb/kak-sozdat-i-ispolzovat-v-thunderbird-spiski-rassy,"5,408","4,928",00:06:59,"4,241",5.30%,82.06%,$0.00
/fa/kb/avoid-and-report-mozilla-tech-support-scams,"5,360","3,778",00:00:37,164,9.70%,14.35%,$0.00
/it/kb/aggiornamento-di-thunderbird,"5,357","4,456",00:02:04,"2,876",7.16%,51.35%,$0.00
/cs/kb/podpisy,"5,319","4,855",00:05:25,"3,935",5.16%,79.43%,$0.00
/de/kb/nachrichten-digital-signieren-und-verschlusseln,"5,314","4,352",00:03:18,"2,963",6.64%,59.75%,$0.00
/pt-PT/kb/thunderbird-e-mensagens-de-lixo-eletronico-e-correio-eletronico-nao-solicitado,"5,304","3,875",00:02:27,"3,844",52.24%,71.59%,$0.00
/zh-TW/questions/thunderbird?show=responded&filter=solution-provided,"5,287","5,287",00:00:00,"5,287",100.00%,100.00%,$0.00
/pl/kb/menedzer-profili-thunderbirda,"5,271","4,710",00:05:15,"3,496",4.31%,70.18%,$0.00
/en-US/products/thunderbird/install-migrate-and-update/thunderbird-versions-and-languages,"5,249","4,380",00:00:38,157,54.36%,26.71%,$0.00
/zh-CN/questions/thunderbird?mobile=0&owner=all&show=needs-attention&tagged=other,"5,247","5,247",00:00:00,"5,246",100.00%,100.00%,$0.00
/it/kb/messaggio-risposta-assenza,"5,212","4,362",00:03:10,"3,248",12.17%,77.38%,$0.00
/it/kb/utilizzare-piu-profili,"5,188","4,511",00:04:28,"1,820",6.14%,59.70%,$0.00
/pt-BR/products/thunderbird/install-migrate-and-update,"5,160","4,223",00:01:04,"2,891",61.94%,49.34%,$0.00
/es/kb/thunderbird-y-hotmail,"5,153","4,587",00:05:45,"4,138",20.11%,77.02%,$0.00
/ru/kb/ustanovka-thunderbird-na-linux,"5,131","4,011",00:04:41,"3,602",7.33%,70.77%,$0.00
/es/kb/actualizar-thunderbird,"5,127","4,285",00:02:08,"2,017",8.52%,45.80%,$0.00
/fr/kb/comment-personnaliser-les-barres-outils,"5,110","4,375",00:04:47,"2,683",5.15%,60.67%,$0.00
/ja/kb/uninstall-thunderbird,"5,076","4,477",00:06:52,"3,890",21.24%,75.75%,$0.00
/pt-BR/kb/threading-de-mensagens-no-thunderbird-mantenha-men,"5,069","4,432",00:04:42,"3,690",3.03%,78.02%,$0.00
/pl/kb/thunderbird-dodatki-faq,"5,066","4,532",00:03:57,"3,878",38.73%,79.00%,$0.00
/es/kb/usar-multiples-perfiles,"5,052","4,499",00:04:35,"2,435",5.53%,67.91%,$0.00
/sv/products/thunderbird/emails-thunderbird,"5,003","3,651",00:00:55,644,43.26%,25.34%,$0.00
/nl/kb/profielen-waar-thunderbird-gebruikersgegevens bewaart,"4,999","4,309",00:05:21,"2,439",5.62%,63.49%,$0.00
/en-US/kb/global-search,"4,982","4,615",00:03:13,"2,445",6.86%,61.02%,$0.00
/pt-BR/kb/organize-suas-mensagens-usando-filtros,"4,977","4,610",00:06:42,"4,076",4.61%,83.56%,$0.00
/nl/kb/automatische-accountconfiguratie,"4,957","4,138",00:03:20,"1,624",4.25%,52.71%,$0.00
/it/kb/gestione-profili-thunderbird,"4,953","4,386",00:04:50,"2,963",3.41%,65.07%,$0.00
/de/kb/zusammenfuhrung-pop-konten-zu-globalen-posteingang,"4,948","4,522",00:06:05,"3,134",4.89%,72.25%,$0.00
/ja/kb/thunderbird-and-hotmail,"4,946","4,234",00:05:45,"3,751",8.78%,76.51%,$0.00
/pl/kb/blokowanie-nadawcy,"4,943","4,482",00:05:16,"3,117",4.91%,79.57%,$0.00
/zh-CN/questions/thunderbird?show=all&mobile=0&tagged=other,"4,933","4,933",00:04:27,"4,933",99.98%,99.98%,$0.00
/en-US/kb/thunderbird-crashes,"4,916","4,199",00:01:31,"1,675",9.41%,32.02%,$0.00
/de/products/thunderbird/download-install-and-migration,"4,900","3,783",00:01:30,"2,839",33.03%,35.69%,$0.00
/fr/kb/proteger-thunderbird-avec-mot-de-passe-principal,"4,899","4,459",00:06:01,"2,025",5.54%,70.12%,$0.00
/it/kb/ignorare-discussioni,"4,898","4,165",00:03:24,"3,560",19.63%,64.15%,$0.00
/it/products/thunderbird/tips-and-tricks,"4,897","4,062",00:00:58,409,51.57%,26.87%,$0.00
/it/kb/installare-thunderbird-mac,"4,889","3,941",00:03:46,"3,712",19.53%,72.33%,$0.00
/it/kb/thunderbird-import,"4,878","4,285",00:03:57,"3,512",11.78%,69.60%,$0.00
/en-US/kb/maildir-thunderbird,"4,873","4,326",00:03:52,"2,509",8.18%,63.70%,$0.00
/pl/kb/skroty-klawiaturowe-thunderbird,"4,873","4,493",00:03:59,"3,629",6.14%,77.45%,$0.00
/it/products/thunderbird/customize-controls-options-and-add-ons,"4,864","3,674",00:00:58,398,40.62%,22.18%,$0.00
/pt-BR/kb/nao-e-possivel-enviar-mensagens,"4,856","4,197",00:05:35,"3,449",4.49%,69.60%,$0.00
/en-US/kb/faq-changing-imap-pop,"4,823","4,416",00:04:10,"1,533",18.37%,58.51%,$0.00
/en-US/kb/instant-messaging-and-chat,"4,805","4,397",00:04:10,"3,357",9.14%,70.03%,$0.00
/de/kb/was-ist-passiert-mit-den-thunderbird-menues,"4,804","4,380",00:04:18,"1,344",6.18%,58.26%,$0.00
/en-US/kb/vacation-response,"4,794","4,232",00:02:08,"1,326",12.48%,64.60%,$0.00
/de/kb/thunderbird-und-yahoo,"4,730","3,998",00:04:55,"2,226",8.08%,64.40%,$0.00
/fi/kb/filelink-palvelu-suurille-liitetiedostoille,"4,728","3,747",00:06:15,"3,525",11.63%,73.46%,$0.00
/en-US/kb/getting-started-thunderbird-main-window-supernova,"4,726","3,996",00:03:32,"1,513",4.88%,50.40%,$0.00
/nl/kb/handmatige-accountconfiguratie,"4,719","4,060",00:03:32,"2,062",4.99%,52.57%,$0.00
/en-US/kb/message-list-columns,"4,673","4,228",00:03:38,"1,930",7.94%,53.73%,$0.00
/en-US/kb/new-thunderbird-60?locale=en-US&version=60.3.0&channel=release&os=WINNT&buildid=20181030083531,"4,672","4,367",00:02:15,"3,348",3.64%,73.37%,$0.00
/pt-BR/kb/como-mudar-layout-thunderbird,"4,654","4,208",00:05:13,"3,397",4.79%,72.54%,$0.00
/fr/kb/impossible-lancer-profil-avec-ancienne-version,"4,636","3,764",00:03:14,"3,301",18.48%,63.83%,$0.00
/pl/kb/synchronizacja-imap,"4,629","4,319",00:05:55,"2,968",5.60%,71.92%,$0.00
/ja/kb/how-customize-new-mail-sound,"4,607","4,213",00:05:10,"3,639",12.92%,83.74%,$0.00
/zh-TW/questions/thunderbird?show=all,"4,600","4,600",00:03:27,"4,598",99.96%,99.96%,$0.00
/es/kb/instalar-thunderbird-en-mac-os,"4,595","3,648",00:03:13,"3,424",12.32%,71.56%,$0.00
/nl/kb/thunderbird-en-gmail,"4,584","3,720",00:04:12,"2,533",6.28%,57.79%,$0.00
/fr/kb/installer-thunderbird-sous-linux,"4,562","3,396",00:04:41,"2,838",6.83%,64.73%,$0.00
/en-US/kb/new-thunderbird-91,"4,554","4,225",00:02:27,"2,653",20.14%,65.00%,$0.00
/fr/kb/profils-la-ou-thunderbird-conserve-messages-et-aut?redirectslug=profils-thunderbird-conserve-donnees-utilisateur&redirectlocale=fr,"4,540","3,952",00:05:13,"3,368",7.20%,69.98%,$0.00
/nl/kb/faq-imap-naar-pop-wijzigen,"4,535","1,919",00:05:59,"1,472",14.47%,36.89%,$0.00
/ko/products/thunderbird,"4,519","3,071",00:00:44,"2,700",59.33%,50.90%,$0.00
/ja/kb/customizing-the-start-page,"4,513","4,077",00:04:34,"2,881",25.61%,70.06%,$0.00
/ru/kb/avtomaticheskaya-nastrojka-uchyotnoj-zapisi,"4,507","4,121",00:03:44,890,10.41%,58.49%,$0.00
/de/kb/kalender-exportieren-und-teilen,"4,505","4,011",00:05:14,"2,693",4.22%,73.14%,$0.00
/en-US/kb/new-thunderbird-102,"4,496","4,041",00:03:08,"1,552",13.74%,55.09%,$0.00
/de/kb/faq-aendern-imap-pop,"4,490","4,122",00:04:42,"2,195",5.19%,63.61%,$0.00
/de/kb/thunderbird-help-cannot-encrypt,"4,484","3,668",00:05:25,"3,156",19.51%,69.09%,$0.00
/ja/kb/new-thunderbird-52?locale=ja&version=52.3.0&os=WINNT&buildid=20170815040357,"4,484","4,145",00:01:09,"2,612",2.68%,56.31%,$0.00
/ja/kb/thunderbird-help-setup-account-e2ee,"4,472","3,359",00:05:07,"3,078",26.27%,62.86%,$0.00
/fr/kb/eviter-et-signaler-les-escroqueries-assistance-mozilla,"4,458","3,718",00:01:03,307,12.30%,31.18%,$0.00
/en-US/kb/find-what-version-thunderbird-you-are-using,"4,444","4,072",00:03:43,"1,644",7.99%,53.80%,$0.00
/fr/kb/profils-la-ou-thunderbird-conserve-messages-et-aut?redirectslug=profils-dans-thunderbird&redirectlocale=fr,"4,443","3,778",00:04:53,"2,825",5.02%,63.04%,$0.00
/pt-BR/kb/thunderbird-e-gmail,"4,438","3,834",00:04:54,"3,019",6.72%,68.30%,$0.00
/ja/kb/message-list-columns,"4,437","3,962",00:03:09,"2,036",16.39%,57.72%,$0.00
/pl/questions/new/thunderbird,"4,433","3,858",00:01:00,"2,791",67.88%,54.16%,$0.00
/fr/kb/installer-une-extension-sur-thunderbird,"4,423","3,811",00:05:08,"2,724",6.28%,71.83%,$0.00
/no/kb/fillenke-store-vedlegg,"4,421","2,943",00:03:23,"2,804",8.52%,61.00%,$0.00
/ca/products/thunderbird,"4,412","2,950",00:00:50,"2,783",65.39%,57.75%,$0.00
/fr/kb/nouvelle-adresse-electronique,"4,410","3,837",00:03:52,"2,035",7.04%,61.90%,$0.00
/pt-BR/products/thunderbird/emails-thunderbird/set-up-email-thunderbird,"4,405","3,578",00:01:08,"2,986",49.00%,44.31%,$0.00
/ru/kb/goryachie-klavishi-tb,"4,391","4,050",00:05:10,"3,207",6.96%,79.48%,$0.00
/de/kb/startseite-anpassen,"4,372","3,855",00:05:04,"2,775",4.65%,68.25%,$0.00
/da/kb/filelink-til-store-vedhaeftede-filer,"4,365","3,513",00:05:31,"3,283",8.86%,74.52%,$0.00
/zh-CN/questions/thunderbird?mobile=0&show=responded,"4,362","4,361",00:00:00,"4,359",99.98%,99.98%,$0.00
/pl/kb/wprowadzenie-do-szyfrowania-end-end-w-thunderbird,"4,350","3,837",00:06:25,"3,461",16.68%,81.36%,$0.00
/en-US/kb/how-use-attachments,"4,346","3,913",00:03:24,"2,139",10.51%,63.32%,$0.00
/it/kb/novita-thunderbird-60?locale=it&version=60.9.1&channel=release&os=WINNT&buildid=20191031083309,"4,344","3,870",00:05:42,"3,742",27.27%,86.74%,$0.00
/pl/kb/roznice-pomiedzy-imap-i-pop3,"4,329","4,074",00:04:54,"3,373",5.99%,81.24%,$0.00
/pl/kb/wysylanie-i-odbieranie-wiadomosci-w-thunderbirdzie,"4,319","4,016",00:04:54,"3,102",7.86%,72.45%,$0.00
/ja/kb/exporting-and-sharing-a-calendar,"4,317","3,388",00:04:19,"2,575",7.22%,61.73%,$0.00
/ja/kb/vacation-response,"4,271","3,605",00:04:05,"3,044",25.13%,79.07%,$0.00
/el/kb/sympty3h-fakelwn,"4,265","3,904",00:03:25,"3,875",42.01%,90.62%,$0.00
/ja/kb/introduction-to-e2e-encryption,"4,235","3,440",00:04:38,"2,555",13.31%,67.56%,$0.00
/it/kb/thunderbird-e-hotmail,"4,219","3,531",00:05:23,"3,186",14.56%,72.69%,$0.00
/de/kb/mit-themes-das-aussehen-von-thunderbird-andern,"4,210","3,965",00:05:54,"3,155",8.14%,79.03%,$0.00
/ja/kb/installing-thunderbird-linux,"4,201","2,924",00:04:29,"2,612",11.32%,62.75%,$0.00
/de/kb/neue-e-mail-adresse,"4,169","3,697",00:03:27,"2,517",6.56%,60.78%,$0.00
/ja/kb/thunderbird-calendar-integration,"4,165","3,608",00:04:13,"3,495",56.11%,82.67%,$0.00
/ja/kb/faq-changing-imap-pop,"4,162","3,756",00:04:59,"1,363",8.80%,62.93%,$0.00
/zh-CN/questions/thunderbird?show=all&mobile=0,"4,130","4,130",00:00:00,"4,130",100.00%,100.00%,$0.00
/de/kb/neuerungen-thunderbird-version-102,"4,118","3,665",00:03:25,"1,195",7.89%,59.18%,$0.00
/ja/kb/make-thunderbird-default-mail-client,"4,104","3,636",00:05:00,"2,965",12.03%,75.95%,$0.00
/pl/kb/jak-zmienic-uklad-paneli-thunderbirda,"4,089","3,770",00:04:49,"3,074",4.23%,72.44%,$0.00
/en-US/kb/policies-extensions-locked,"4,083","2,939",00:03:22,"2,557",19.52%,63.53%,$0.00
/en-US/kb/keyboard-shortcuts-searching,"4,050","3,828",00:02:21,"3,201",25.07%,84.25%,$0.00
/en-US/products/thunderbird/download-install-and-migration,"4,048","3,394",00:01:16,"2,278",44.82%,41.85%,$0.00
/fr/kb/basculer-du-protocole-imap-vers-le-protocole-pop,"4,045","3,722",00:05:25,"2,100",10.54%,72.04%,$0.00
/ja/kb/new-thunderbird-60?locale=ja&version=60.6.1&channel=release&os=WINNT&buildid=20190325011617,"4,033",968,00:02:35,912,4.28%,22.49%,$0.00
/sv/products/thunderbird/emails-thunderbird/set-up-email-thunderbird,"4,032","2,421",00:01:01,"1,656",29.43%,25.99%,$0.00
/zh-TW/questions/thunderbird,"4,026","4,024",00:00:52,"4,014",100.00%,99.80%,$0.00
/en-US/kb/new-thunderbird-60?locale=en-US&version=60.7.2&channel=release&os=WINNT&buildid=20190620083217,"4,014","3,661",00:03:50,"3,622",33.23%,90.01%,$0.00
/de/kb/neu-thunderbird-60?locale=de&buildid=20181128113928&version=60.3.2&os=WINNT&channel=release,"4,009","3,832",00:03:59,"3,417",0.91%,86.66%,$0.00
/en-US/kb/switching-folder-pane-view,"4,002","3,735",00:04:25,"1,928",8.08%,57.72%,$0.00
/de/kb/neu-bei-thunderbird-520?locale=de&buildid=20170509142926&version=52.1.1&os=WINNT,"3,974","3,778",00:00:43,"2,067",0.97%,49.30%,$0.00
/fr/products/thunderbird/learn-basics-get-started,"3,970","2,864",00:01:36,"2,417",40.84%,38.79%,$0.00
/it/products/thunderbird/contacts-thunderbird,"3,969","2,987",00:00:50,238,40.27%,22.65%,$0.00
/de/kb/konfigurationsmoglichkeiten-fur-anlagen,"3,961","3,443",00:04:23,"2,996",7.80%,68.95%,$0.00
/de/kb/thunderbird-konfiguration-bearbeiten,"3,933","3,650",00:05:19,"2,016",3.67%,65.19%,$0.00
/es/kb/cambiar-thunderbird-desde-windows-o-desde-aplicaci,"3,921","3,184",00:05:12,"2,507",6.46%,67.48%,$0.00
/nl/kb/wachtwoordenbeheerder-onthouden-verwijderen-tb,"3,914","3,365",00:06:16,"1,954",4.76%,70.80%,$0.00
/fr/kb/exporter-et-partager-un-agenda-lightning,"3,896","3,367",00:05:00,"2,186",5.08%,70.17%,$0.00
/pl/kb/automatyczna-odpowiedz-na-czas-nieobecnosci,"3,860","3,422",00:04:09,"2,654",16.80%,82.46%,$0.00
/ja/kb/new-thunderbird-45?locale=ja&version=45.8.0&os=WINNT&buildid=20170305125302,"3,843","3,477",00:01:29,"2,194",1.14%,57.35%,$0.00
/ja/kb/what-mozilla-maintenance-service,"3,818","3,425",00:03:57,"3,011",10.54%,79.23%,$0.00
/de/kb/ordner-probleme-thunderbirds-konten-einstellungen,"3,806","3,610",00:05:08,"2,587",5.57%,70.05%,$0.00
/es/kb/accesos-directos-de-teclado,"3,800","3,025",00:03:56,"2,274",8.79%,64.55%,$0.00
/de/kb/die-globale-suchdatenbankdatei-neu-erstellen,"3,793","3,028",00:02:55,"1,604",4.32%,51.89%,$0.00
/ja/kb/thunderbird-software-update-failed,"3,786","3,216",00:03:42,"1,996",8.85%,59.14%,$0.00
/es/kb/configuracion-automatica-de-las-cuentas,"3,735","3,301",00:03:19,767,11.07%,54.11%,$0.00
/en-US/kb/inviting-other-people-events,"3,730","3,210",00:03:20,"2,532",8.81%,60.99%,$0.00
/de/kb/was-ist-der-mozilla-wartungsservice,"3,702","3,412",00:03:55,"2,546",7.62%,73.85%,$0.00
/fi/products/thunderbird/emails-thunderbird,"3,681","2,703",00:00:56,494,36.95%,20.89%,$0.00
/en-US/kb/upgrading-older-version-thunderbird,"3,679","3,175",00:02:43,434,11.85%,50.50%,$0.00
/en-US/kb/unify-your-pop-email-accounts-global-inbox,"3,674","3,361",00:04:58,"1,851",6.02%,58.79%,$0.00
/nl/kb/thunderbird-bijwerken,"3,658","2,955",00:02:16,863,3.57%,38.35%,$0.00
/ja/kb/digitally-signing-and-encrypting-messages,"3,650","2,938",00:03:23,"1,850",9.84%,56.19%,$0.00
/de/kb/schnellfilterleiste,"3,641","3,428",00:04:11,"2,265",5.48%,73.06%,$0.00
/zh-CN/products/thunderbird/install-migrate-and-update,"3,640","2,875",00:01:01,"1,753",53.28%,39.81%,$0.00
/it/kb/passare-da-account-pop-a-imap,"3,639","3,199",00:04:45,"1,947",7.65%,65.24%,$0.00
/fr/kb/installer-themes-thunderbird,"3,622","3,341",00:05:34,"2,581",6.27%,77.69%,$0.00
/ru/kb/izmenenie-protokola-uchetnoj-zapisi-pop-na-imap,"3,621","3,210",00:04:17,"2,142",6.63%,65.23%,$0.00
/pl/kb/opcje-konfiguracyjne-dla-zalacznikow,"3,619","3,020",00:03:41,"2,620",7.13%,61.34%,$0.00
/ru/kb/chto-oznachaet-vlozhenie-winmaildat,"3,614","3,263",00:06:18,"3,191",7.42%,88.05%,$0.00
/ru/kb/ustanovka-thunderbird-na-windows,"3,592","3,015",00:02:36,"1,687",12.89%,64.37%,$0.00
/fr/kb/thunderbird-aide-configuration-compte-e2ee,"3,589","2,971",00:05:28,"2,598",8.61%,70.52%,$0.00
/de/kb/globale-suche,"3,579","3,326",00:03:51,"2,392",4.47%,71.19%,$0.00
/cs/products/thunderbird/emails-thunderbird,"3,570","2,740",00:00:51,334,64.22%,22.13%,$0.00
/es/kb/thunderbird-import,"3,569","3,149",00:04:11,"2,719",11.62%,72.88%,$0.00
/cs/kb/automaticka-odpoved-v-nepritomnosti,"3,568","2,768",00:03:00,"2,099",11.06%,64.41%,$0.00
/it/kb/come-utilizzare-calendario-google-lightning,"3,553","2,585",00:04:01,"2,095",7.63%,62.12%,$0.00
/bg/kb/thunderbird-and-junk-spam-messages,"3,552","3,088",00:05:12,"3,072",54.46%,85.90%,$0.00
/pl/kb/thunderbird-domyslnym-programem-pocztowym,"3,547","3,264",00:06:39,"2,932",6.89%,81.11%,$0.00
/ja/kb/using-identities,"3,546","3,292",00:04:38,"2,341",13.09%,75.72%,$0.00
/en-US/kb/unable-install-add-on-extension-theme-thunderbird,"3,531","3,014",00:04:28,"2,358",10.47%,67.18%,$0.00
/pl/kb/thunderbird-uzywanie-wielu-profili,"3,530","3,131",00:04:13,"1,383",5.49%,62.75%,$0.00
/sr/kb/thunderbird-and-junk-spam-messages,"3,527","2,539",00:03:05,"2,527",44.76%,71.08%,$0.00
/pt-BR/kb/atualize-o-thunderbird,"3,510","2,997",00:01:19,"1,226",7.50%,41.42%,$0.00
/ja/kb/configuration-options-attachments,"3,509","3,073",00:04:54,"2,523",13.34%,73.27%,$0.00
/ru/kb/kak-izmenit-raspolozhenie-v-thunderbird,"3,509","3,171",00:05:11,"2,610",6.32%,72.81%,$0.00
/nl/kb/berichtconversaties-thunderbird-berichten-gegroepeerd,"3,504","3,180",00:06:14,"2,092",3.11%,81.99%,$0.00
/de/kb/abwesenheitsnotiz,"3,497","2,996",00:02:27,895,16.05%,74.52%,$0.00
/it/kb/invio-e-ricezione-dei-messaggi-thunderbird,"3,497","3,125",00:04:28,"2,343",6.90%,66.74%,$0.00
/ru/products/thunderbird/tips-and-tricks,"3,489","2,960",00:01:03,420,55.69%,27.83%,$0.00
/sv/kb/installera-thunderbird-windows,"3,472","2,625",00:02:38,"1,858",12.59%,55.39%,$0.00
/de/products/thunderbird/fix-slowness-crashing-error-messages-and-other-problems/thunderbird-slow-or-stops-working,"3,471","2,911",00:01:26,"2,726",39.80%,42.87%,$0.00
/de/products/thunderbird/how,"3,462","2,469",00:01:41,"2,078",35.44%,37.52%,$0.00
/ja/kb/automatic-conversion-google-mail-accounts-oauth20,"3,459","3,093",00:05:32,"2,054",10.13%,72.77%,$0.00
/nl/products/thunderbird/tips-and-tricks,"3,455","2,890",00:01:01,177,46.43%,23.62%,$0.00
/de/kb/wie-erstelle-ich-ein-bildschirmfoto-meines-problems,"3,446","3,103",00:03:13,"2,226",6.19%,73.53%,$0.00
/it/kb/richiesta-autorizzazione-estensioni-thunderbird,"3,440","2,885",00:05:09,"2,558",25.07%,77.65%,$0.00
/en-US/kb/advanced-panel-settings-in-thunderbird,"3,424","3,152",00:02:46,979,17.76%,49.50%,$0.00
/nl/kb/overstappen-thunderbird,"3,411","2,688",00:05:17,"1,920",4.74%,61.89%,$0.00
/en-US/kb/how-customize-new-mail-sound,"3,408","3,191",00:05:00,"2,462",10.39%,76.03%,$0.00
/de/kb/neu-thunderbird-60?locale=de&buildid=20181217101353&version=60.4.0&os=WINNT&channel=release,"3,404","2,957",00:04:09,"2,547",4.67%,74.35%,$0.00
/da/products/thunderbird/emails-thunderbird,"3,403","2,533",00:00:56,247,33.06%,19.25%,$0.00
/sl/kb/filelink-za-velike-priponke,"3,394","2,799",00:05:24,"2,653",16.18%,77.75%,$0.00
/zh-CN/kb/ThunderbirdÂíåÂûÉÂúæÊ∂àÊÅØ,"3,394","2,917",00:02:45,"2,642",30.67%,78.05%,$0.00
/fr/kb/editeur-de-configuration,"3,386","2,970",00:03:52,"1,517",5.92%,58.48%,$0.00
/nl/kb/uw-berichten-ordenen-filters-gebruiken,"3,381","2,903",00:03:34,"1,760",5.72%,64.06%,$0.00
/ja/kb/changing-calendar-preferences,"3,380","2,950",00:03:31,"1,812",13.14%,58.25%,$0.00
